Name,Image URL
Aaron Ramsey, http://akacdn.transfermarkt.de/bilder/spielerfotos/s_50057_11_2012_1.jpg
Abdul Rahman Baba, http://akacdn.transfermarkt.de/bilder/spielerfotos/s_224884_65_2012_1.jpg
Adam Lallana, http://akacdn.transfermarkt.de/images/portrait/medium/43530-1401965265.jpg
Adem Ljajic, http://akacdn.transfermarkt.de/bilder/spielerfotos/s_69374_12_2013_09_23_1.jpg
Aderlan Santos, http://akacdn.transfermarkt.de/images/portrait/medium/159142-1412952087.jpg
Admir Mehmedi, http://akacdn.transfermarkt.de/images/portrait/medium/66058-1437467676.jpg
Adnan Januzaj, http://akacdn.transfermarkt.de/bilder/spielerfotos/s_177847_9251_2013_10_21_1.jpg
Adrián Ramos, http://akacdn.transfermarkt.de/images/portrait/medium/73782-1437470626.jpg
Alberto Moreno, http://akacdn.transfermarkt.de/bilder/spielerfotos/s_207917_368_2013_06_07_3.jpg
Aleix Vidal, http://akacdn.transfermarkt.de/bilder/spielerfotos/s_88490_3302_2012_2.jpg
Aleksandar Mitrovic, http://akacdn.transfermarkt.de/images/portrait/medium/51152-1407491258.jpg
Alen Halilovic, http://akacdn.transfermarkt.de/images/portrait/medium/226074-1447320067.jpg
Alessandro Florenzi, http://akacdn.transfermarkt.de/images/portrait/medium/130365-1418134668.jpg
Alessio Cerci, http://akacdn.transfermarkt.de/images/portrait/medium/21748-1448983122.jpg
Alessio Romagnoli, http://akacdn.transfermarkt.de/images/portrait/medium/197747-1448981930.jpg
Alex Oxlade-Chamberlain, http://akacdn.transfermarkt.de/bilder/spielerfotos/s_143424_11_2012_2.jpg
Alex Sandro, http://akacdn.transfermarkt.de/bilder/spielerfotos/s_79960_720_2012_2.jpg
Alexis Sánchez, http://akacdn.transfermarkt.de/images/portrait/medium/40433-1407934034.jpg
Allan, http://akacdn.transfermarkt.de/images/portrait/medium/126422-1448529525.jpg
Álvaro Domínguez, http://akacdn.transfermarkt.de/images/portrait/medium/62915-1437474309.jpg
Álvaro Morata, http://akacdn.transfermarkt.de/images/portrait/medium/128223-1416318630.jpg
Álvaro Negredo, http://akacdn.transfermarkt.de/images/portrait/medium/18644-1447247395.jpg
Ander Herrera, http://akacdn.transfermarkt.de/bilder/spielerfotos/s_99343_621_2012_10_25_1.jpg
Ander Iturraspe, http://akacdn.transfermarkt.de/images/portrait/medium/71571-1447151510.jpg
André Ayew, http://akacdn.transfermarkt.de/bilder/spielerfotos/s_45403_244_2014_01_07_1.jpg
André Gomes, http://akacdn.transfermarkt.de/images/portrait/medium/221025-1447247163.jpg
André Schürrle, http://akacdn.transfermarkt.de/images/portrait/medium/58205-1437575118.jpg
Andrea Bertolacci, http://akacdn.transfermarkt.de/images/portrait/medium/99227-1448982449.jpg
Andrea Ranocchia, http://akacdn.transfermarkt.de/images/portrait/medium/44327-1410955110.jpg
Andrés Iniesta, http://akacdn.transfermarkt.de/bilder/spielerfotos/s_7600_131_2012_2.jpg
Ángel Correa, http://akacdn.transfermarkt.de/images/portrait/medium/266807-1447152515.jpg
Anthony Martial, http://akacdn.transfermarkt.de/bilder/spielerfotos/s_182877_162_2014_01_02_1.jpg
Antoine Griezmann, http://akacdn.transfermarkt.de/images/portrait/medium/125781-1447152648.jpg
Antonio Candreva, http://akacdn.transfermarkt.de/bilder/spielerfotos/s_25488_398_2013_09_12_1.jpg
Antonio Rüdiger, http://akacdn.transfermarkt.de/images/portrait/medium/86202-1406748352.jpg
Arda Turan, http://akacdn.transfermarkt.de/bilder/spielerfotos/s_21369_13_2013_09_19_1.jpg
Arjen Robben, http://akacdn.transfermarkt.de/images/portrait/medium/4360-1437472916.jpg
Arturo Vidal, http://akacdn.transfermarkt.de/images/portrait/medium/37666-1416219674.jpg
Asier Illarramendi, http://akacdn.transfermarkt.de/images/portrait/medium/59344-1447314001.jpg
Atsuto Uchida, http://akacdn.transfermarkt.de/images/portrait/medium/27800-1406654227.jpg
Aymen Abdennour, http://akacdn.transfermarkt.de/bilder/spielerfotos/s_108830_415_2012_1.jpg
Aymeric Laporte, http://akacdn.transfermarkt.de/images/portrait/medium/176553-1447151297.jpg
Bas Dost, http://akacdn.transfermarkt.de/images/portrait/medium/56331-1438073185.jpg
Bastian Schweinsteiger, http://akacdn.transfermarkt.de/images/portrait/medium/2514-1408094900.jpg
Benedikt Höwedes, http://akacdn.transfermarkt.de/images/portrait/medium/39020-1438006765.jpg
Bernd Leno, http://akacdn.transfermarkt.de/images/portrait/medium/72476-1408096086.jpg
Borja Valero, http://akacdn.transfermarkt.de/images/portrait/medium/40372-1448527157.jpg
Branislav Ivanovic, http://akacdn.transfermarkt.de/bilder/spielerfotos/s_36827_631_2009_1.jpg
Bruno Peres, http://akacdn.transfermarkt.de/images/portrait/medium/148751-1448968048.jpg
Bruno Soriano, http://akacdn.transfermarkt.de/images/portrait/medium/44412-1447255466.jpg
Carlos Bacca, http://akacdn.transfermarkt.de/images/portrait/medium/119235-1448983000.jpg
Carlos Vela, http://akacdn.transfermarkt.de/images/portrait/medium/35773-1447314423.jpg
Carlos Zambrano, http://akacdn.transfermarkt.de/images/portrait/medium/53533-1407140181.jpg
Casemiro, http://akacdn.transfermarkt.de/bilder/spielerfotos/s_16306_418_2013_10_02_1.jpg
Cédric Bakambu, http://akacdn.transfermarkt.de/images/portrait/medium/127048-1447254987.jpg
César Azpilicueta, http://akacdn.transfermarkt.de/bilder/spielerfotos/s_57500_631_2012_10_25_1.jpg
Cesc Fàbregas, http://akacdn.transfermarkt.de/bilder/spielerfotos/s_8806_131_2012_2.jpg
Charles Aránguiz, http://akacdn.transfermarkt.de/images/portrait/medium/89701-1447748971.jpg
Chicharito, http://akacdn.transfermarkt.de/images/portrait/medium/50935-1413207208.jpg
Chris Smalling, http://akacdn.transfermarkt.de/bilder/spielerfotos/s_103427_985_2012_1.jpg
Christian Benteke, http://akacdn.transfermarkt.de/images/portrait/medium/50201-1410951019.jpg
Christian Eriksen, http://akacdn.transfermarkt.de/bilder/spielerfotos/s_69633_610_2012_2.jpg
Christoph Kramer, http://akacdn.transfermarkt.de/images/portrait/medium/82097-1437391769.jpg
Ciro Immobile, http://akacdn.transfermarkt.de/images/portrait/medium/105521-1447240015.jpg
Claudio Bravo, http://akacdn.transfermarkt.de/bilder/spielerfotos/s_40423_681_2013_09_18_1.jpg
Claudio Marchisio, http://akacdn.transfermarkt.de/images/portrait/medium/44716-1416219760.jpg
Coutinho, http://akacdn.transfermarkt.de/bilder/spielerfotos/s_80444_31_2012_1.jpg
Cristiano Ronaldo, http://akacdn.transfermarkt.de/images/portrait/medium/8198-1413207036.jpg
Daley Blind, http://akacdn.transfermarkt.de/bilder/spielerfotos/s_12282_610_2012_2.jpg
Dani Alves, http://akacdn.transfermarkt.de/bilder/spielerfotos/s_15951_131_2013_08_13_1.jpg
Dani Parejo, http://akacdn.transfermarkt.de/images/portrait/medium/59561-1447247408.jpg
Daniel Caligiuri, http://akacdn.transfermarkt.de/images/portrait/medium/38410-1438073050.jpg
Daniel Carriço, http://akacdn.transfermarkt.de/images/portrait/medium/37712-1447239830.jpg
Daniel Carvajal, http://akacdn.transfermarkt.de/images/portrait/medium/138927-1413206306.jpg
Daniel Sturridge, http://akacdn.transfermarkt.de/bilder/spielerfotos/s_47082_31_2012_1.jpg
Daniele De Rossi, http://akacdn.transfermarkt.de/bilder/spielerfotos/s_5947_12_2013_09_09_1.jpg
Daniele Rugani, http://akacdn.transfermarkt.de/images/portrait/medium/162959-1418136957.jpg
Danilo, http://akacdn.transfermarkt.de/bilder/spielerfotos/s_145707_720_2012_2.jpg
Danny Welbeck, http://akacdn.transfermarkt.de/images/portrait/medium/67063-1408028249.jpg
David Alaba, http://akacdn.transfermarkt.de/images/portrait/medium/59016-1437471890.jpg
David de Gea, http://akacdn.transfermarkt.de/bilder/spielerfotos/s_59377_985_2013_06_19_1.jpg
David López, http://akacdn.transfermarkt.de/images/portrait/medium/129444-1448529645.jpg
David Silva, http://akacdn.transfermarkt.de/bilder/spielerfotos/s_35518_281_2012_1.jpg
Denis Cheryshev, http://akacdn.transfermarkt.de/images/portrait/medium/98322-1448900687.jpg
Denis Suárez, http://akacdn.transfermarkt.de/images/portrait/medium/165007-1447239749.jpg
Diego Costa, http://akacdn.transfermarkt.de/bilder/spielerfotos/s_44779_13_2013_10_01_1.jpg
Diego Godín, http://akacdn.transfermarkt.de/images/portrait/medium/54928-1447152630.jpg
Diego Perotti, http://akacdn.transfermarkt.de/bilder/spielerfotos/s_54984_368_2012_10_25_1.jpg
Dimitri Payet, http://akacdn.transfermarkt.de/bilder/spielerfotos/s_37647_244_2013_08_16_1.jpg
Domenico Berardi, http://akacdn.transfermarkt.de/images/portrait/medium/177843-1449059898.jpg
Douglas Costa, http://akacdn.transfermarkt.de/images/portrait/medium/75615-1437473120.jpg
Dries Mertens, http://akacdn.transfermarkt.de/bilder/spielerfotos/s_56416_6195_2013_09_06_1.jpg
Dusan Tadic, http://akacdn.transfermarkt.de/bilder/spielerfotos/s_36139_317_2012_1.jpg
Duván Zapata, http://akacdn.transfermarkt.de/images/portrait/medium/73794-1449133099.jpg
Eden Hazard, http://akacdn.transfermarkt.de/bilder/spielerfotos/s_50202_631_2012_1.jpg
Éder, http://akacdn.transfermarkt.de/images/portrait/medium/37418-1448965567.jpg
Edin Dzeko, http://akacdn.transfermarkt.de/images/portrait/medium/28396-1448466680.jpg
Eliaquim Mangala, http://akacdn.transfermarkt.de/bilder/spielerfotos/s_90681_720_2012_2.jpg
Elseid Hysaj, http://akacdn.transfermarkt.de/images/portrait/medium/200056-1448529186.jpg
Emre Can, http://akacdn.transfermarkt.de/bilder/spielerfotos/s_119296_15_2013_09_16_1.jpg
Enzo Pérez, http://akacdn.transfermarkt.de/images/portrait/medium/56066-1447247414.jpg
Eric Maxim Choupo-Moting, http://akacdn.transfermarkt.de/images/portrait/medium/45660-1438007983.jpg
Érik Lamela, http://akacdn.transfermarkt.de/bilder/spielerfotos/s_111630_148_2013_09_26_1.jpg
Éver Banega, http://akacdn.transfermarkt.de/images/portrait/medium/12249-1447239816.jpg
Evgen Konoplyanka, http://akacdn.transfermarkt.de/images/portrait/medium/58949-1447240162.jpg
Fabian Johnson, http://akacdn.transfermarkt.de/bilder/spielerfotos/s_31041_533_2012_3.jpg
Falcao, http://akacdn.transfermarkt.de/images/portrait/medium/39152-1408354676.jpg
Faouzi Ghoulam, http://akacdn.transfermarkt.de/images/portrait/medium/126656-1448529070.jpg
Felipe Anderson, http://akacdn.transfermarkt.de/images/portrait/medium/159372-1448468075.jpg
Fernandinho, http://akacdn.transfermarkt.de/bilder/spielerfotos/s_26267_281_2013_10_01_1.jpg
Fernando, http://akacdn.transfermarkt.de/bilder/spielerfotos/s_51174_720_2012_2.jpg
Fernando, http://akacdn.transfermarkt.de/images/portrait/medium/105456-1448965095.jpg
Fernando Llorente, http://akacdn.transfermarkt.de/images/portrait/medium/35564-1447240179.jpg
Filip Kostic, http://akacdn.transfermarkt.de/images/portrait/medium/161011-1438071655.jpg
Filipe Luís, http://akacdn.transfermarkt.de/images/portrait/medium/21725-1447152742.jpg
Florian Thauvin, http://akacdn.transfermarkt.de/bilder/spielerfotos/s_184892_244_2014_01_02_1.jpg
Franck Ribéry, http://akacdn.transfermarkt.de/images/portrait/medium/22068-1437472906.jpg
Franco Di Santo, http://akacdn.transfermarkt.de/images/portrait/medium/59783-1438008215.jpg
Franco Vázquez, http://akacdn.transfermarkt.de/images/portrait/medium/76163-1448984638.jpg
Fredy Guarín, http://akacdn.transfermarkt.de/images/portrait/medium/39090-1410339957.jpg
Gabi, http://akacdn.transfermarkt.de/images/portrait/medium/22969-1447152522.jpg
Gareth Bale, http://akacdn.transfermarkt.de/images/portrait/medium/39381-1413206659.jpg
Gary Cahill, http://akacdn.transfermarkt.de/bilder/spielerfotos/s_27511_631_2013_10_18_1.jpg
Gary Medel, http://akacdn.transfermarkt.de/images/portrait/medium/60889-1410955087.jpg
Geoffrey Kondogbia, http://akacdn.transfermarkt.de/images/portrait/medium/127189-1448967404.jpg
Georginio Wijnaldum, http://akacdn.transfermarkt.de/bilder/spielerfotos/s_49499_383_2012_1.jpg
Gerard Piqué, http://akacdn.transfermarkt.de/bilder/spielerfotos/s_18944_131_2013_08_05_1.jpg
Gervinho, http://akacdn.transfermarkt.de/images/portrait/medium/33481-1448466558.jpg
Giacomo Bonaventura, http://akacdn.transfermarkt.de/bilder/spielerfotos/s_57280_800_2013_09_20_1.jpg
Giorgio Chiellini, http://akacdn.transfermarkt.de/images/portrait/medium/29260-1448464153.jpg
Giuseppe Rossi, http://akacdn.transfermarkt.de/images/portrait/medium/19104-1448527845.jpg
Gonzalo Castro, http://akacdn.transfermarkt.de/images/portrait/medium/28947-1437469715.jpg
Gonzalo Higuaín, http://akacdn.transfermarkt.de/bilder/spielerfotos/s_39153_6195_2013_08_07_1.jpg
Granit Xhaka, http://akacdn.transfermarkt.de/images/portrait/medium/111455-1437474911.jpg
Grzegorz Krychowiak, http://akacdn.transfermarkt.de/images/portrait/medium/45184-1447240173.jpg
Hakan Calhanoglu, http://akacdn.transfermarkt.de/images/portrait/medium/126414-1437468502.jpg
Haris Seferovic, http://akacdn.transfermarkt.de/images/portrait/medium/109256-1438004074.jpg
Harry Kane, http://akacdn.transfermarkt.de/images/portrait/medium/132098-1418318991.jpg
Henrikh Mkhitaryan, http://akacdn.transfermarkt.de/images/portrait/medium/55735-1437470261.jpg
Hernanes, http://akacdn.transfermarkt.de/images/portrait/medium/52897-1410955079.jpg
Heung-Min Son, http://akacdn.transfermarkt.de/images/portrait/medium/91845-1437467657.jpg
Holger Badstuber, http://akacdn.transfermarkt.de/images/portrait/medium/54659-1437471177.jpg
Hugo Lloris, http://akacdn.transfermarkt.de/bilder/spielerfotos/s_17965_148_2013_05_07_1.jpg
Iago Falqué, http://akacdn.transfermarkt.de/images/portrait/medium/59340-1448466607.jpg
Ignacio Camacho, http://akacdn.transfermarkt.de/images/portrait/medium/58874-1447239125.jpg
Ignazio Abate, http://akacdn.transfermarkt.de/bilder/spielerfotos/s_16631_5_2013_09_11_1.jpg
Iker Muniain, http://akacdn.transfermarkt.de/images/portrait/medium/54235-1447151730.jpg
Ilkay Gündogan, http://akacdn.transfermarkt.de/images/portrait/medium/53622-1437469701.jpg
Iñaki Williams, http://akacdn.transfermarkt.de/images/portrait/medium/255508-1447151736.jpg
Iñigo Martínez, http://akacdn.transfermarkt.de/images/portrait/medium/158863-1447314170.jpg
Isco, http://akacdn.transfermarkt.de/images/portrait/medium/85288-1413206942.jpg
Ivan Perisic, http://akacdn.transfermarkt.de/images/portrait/medium/42460-1448967579.jpg
Ivan Rakitic, http://akacdn.transfermarkt.de/images/portrait/medium/32467-1404225054.jpg
Jack Wilshere, http://akacdn.transfermarkt.de/bilder/spielerfotos/s_74223_11_2012_2.jpg
Jackson Martínez, http://akacdn.transfermarkt.de/images/portrait/medium/74418-1447152748.jpg
Jakub Blaszczykowski, http://akacdn.transfermarkt.de/images/portrait/medium/29835-1448527336.jpg
James McCarthy, http://akacdn.transfermarkt.de/bilder/spielerfotos/s_45333_1071_2013_02_18_1.jpg
James Milner, http://akacdn.transfermarkt.de/bilder/spielerfotos/s_3333_281_2013_10_18_1.jpg
James Rodríguez, http://akacdn.transfermarkt.de/images/portrait/medium/88103-1413206716.jpg
Jan Oblak, http://akacdn.transfermarkt.de/images/portrait/medium/121483-1447152842.jpg
Jan Vertonghen, http://akacdn.transfermarkt.de/bilder/spielerfotos/s_43250_148_2012_1.jpg
Javi Fuego, http://akacdn.transfermarkt.de/images/portrait/medium/56134-1447247061.jpg
Javi Martínez, http://akacdn.transfermarkt.de/images/portrait/medium/44017-1437471126.jpg
Javier Mascherano, http://akacdn.transfermarkt.de/images/portrait/medium/19981-1409066969.jpg
Jay Rodríguez, http://akacdn.transfermarkt.de/bilder/spielerfotos/s_53360_180_2012_1.jpg
Jeison Murillo, http://akacdn.transfermarkt.de/images/portrait/medium/131102-1448966897.jpg
Jérémy Mathieu, http://akacdn.transfermarkt.de/bilder/spielerfotos/s_5404_1049_2012_10_24_1.jpg
Jérémy Ménez, http://akacdn.transfermarkt.de/bilder/spielerfotos/s_16993_583_2014_03_14_1.jpg
Jérôme Boateng, http://akacdn.transfermarkt.de/images/portrait/medium/26485-1437471082.jpg
Jesé, http://akacdn.transfermarkt.de/images/portrait/medium/134936-1413207167.jpg
Jesús Navas, http://akacdn.transfermarkt.de/bilder/spielerfotos/s_15956_368_2013_06_28_1.jpg
João Cancelo, http://akacdn.transfermarkt.de/images/portrait/medium/182712-1447246881.jpg
Joe Hart, http://akacdn.transfermarkt.de/bilder/spielerfotos/s_40204_281_2013_03_06_1.jpg
Joel Matip, http://akacdn.transfermarkt.de/images/portrait/medium/82105-1438006856.jpg
Johannes Geis, http://akacdn.transfermarkt.de/images/portrait/medium/89650-1438007261.jpg
John Stones, http://akacdn.transfermarkt.de/bilder/spielerfotos/s_186590_29_2013_02_06_2.jpg
Jonas Hector, http://akacdn.transfermarkt.de/images/portrait/medium/108537-1437391034.jpg
Jonathan Tah, http://akacdn.transfermarkt.de/images/portrait/medium/196357-1406743298.jpg
Jordan Henderson, http://akacdn.transfermarkt.de/bilder/spielerfotos/s_61651_31_2012_2.jpg
Jordi Alba, http://akacdn.transfermarkt.de/bilder/spielerfotos/s_69751_3375_2012_2.jpg
Jorginho, http://akacdn.transfermarkt.de/images/portrait/medium/102017-1448529577.jpg
José Callejón, http://akacdn.transfermarkt.de/images/portrait/medium/61253-1448529945.jpg
José Giménez, http://akacdn.transfermarkt.de/images/portrait/medium/250845-1447152624.jpg
José Luis Gayá, http://akacdn.transfermarkt.de/images/portrait/medium/221322-1447247157.jpg
José Salomón Rondón, http://akacdn.transfermarkt.de/bilder/spielerfotos/s_80197_2698_2013_07_30_1.jpg
Josip Drmic, http://akacdn.transfermarkt.de/images/portrait/medium/140579-1437475911.jpg
Josip Ilicic, http://akacdn.transfermarkt.de/images/portrait/medium/80351-1448527430.jpg
Josuha Guilavogui, http://akacdn.transfermarkt.de/images/portrait/medium/93704-1437575211.jpg
Juan Bernat, http://akacdn.transfermarkt.de/images/portrait/medium/126719-1437471905.jpg
Juan Cuadrado, http://akacdn.transfermarkt.de/images/portrait/medium/91970-1448465554.jpg
Juan Iturbe, http://akacdn.transfermarkt.de/bilder/spielerfotos/s_81455_276_2013_09_25_1.jpg
Juan Jesus, http://akacdn.transfermarkt.de/images/portrait/medium/121985-1410340377.jpg
Juan Mata, http://akacdn.transfermarkt.de/bilder/spielerfotos/s_44068_985_2014_01_28_1.jpg
Juanfran, http://akacdn.transfermarkt.de/images/portrait/medium/16635-1447152729.jpg
Julian Brandt, http://akacdn.transfermarkt.de/images/portrait/medium/187492-1437480160.jpg
Julian Draxler, http://akacdn.transfermarkt.de/images/portrait/medium/85148-1438007925.jpg
Julian Weigl, http://akacdn.transfermarkt.de/images/portrait/medium/196792-1437470048.jpg
Júnior Caiçara, http://akacdn.transfermarkt.de/images/portrait/medium/112062-1438007125.jpg
Kalidou Koulibaly, http://akacdn.transfermarkt.de/images/portrait/medium/93128-1448528991.jpg
Kamil Glik, http://akacdn.transfermarkt.de/bilder/spielerfotos/s_46552_416_2013_09_24_1.jpg
Karim Bellarabi, http://akacdn.transfermarkt.de/images/portrait/medium/61087-1437467662.jpg
Karim Benzema, http://akacdn.transfermarkt.de/images/portrait/medium/18922-1413207115.jpg
Keisuke Honda, http://akacdn.transfermarkt.de/bilder/spielerfotos/s_66521_2410_2013_06_24_1.jpg
Keita Baldé, http://akacdn.transfermarkt.de/images/portrait/medium/238752-1439969489.jpg
Kevin De Bruyne, http://akacdn.transfermarkt.de/images/portrait/medium/88755-1443518589.jpg
Kévin Gameiro, http://akacdn.transfermarkt.de/images/portrait/medium/27389-1447239929.jpg
Kevin Kampl, http://akacdn.transfermarkt.de/images/portrait/medium/53418-1440674801.jpg
Kevin Mirallas, http://akacdn.transfermarkt.de/bilder/spielerfotos/s_33639_29_2013_04_09_1.jpg
Kevin Strootman, http://akacdn.transfermarkt.de/bilder/spielerfotos/s_68864_12_2014_04_14_1.jpg
Kevin Volland, http://akacdn.transfermarkt.de/images/portrait/medium/82009-1406795396.jpg
Keylor Navas, http://akacdn.transfermarkt.de/images/portrait/medium/79422-1413205936.jpg
Kieran Gibbs, http://akacdn.transfermarkt.de/bilder/spielerfotos/s_44792_11_2012_2.jpg
Kiko Casilla, http://akacdn.transfermarkt.de/bilder/spielerfotos/s_27486_714_2013_10_17_1.jpg
Kingsley Coman, http://akacdn.transfermarkt.de/images/portrait/medium/243714-1418291563.jpg
Klaas-Jan Huntelaar, http://akacdn.transfermarkt.de/images/portrait/medium/4357-1438008037.jpg
Koke, http://akacdn.transfermarkt.de/images/portrait/medium/74229-1447152736.jpg
Konstantinos Manolas, http://akacdn.transfermarkt.de/images/portrait/medium/104752-1448465990.jpg
Kwadwo Asamoah, http://akacdn.transfermarkt.de/bilder/spielerfotos/s_63531_506_2013_03_06_1.jpg
Kyle Walker, http://akacdn.transfermarkt.de/bilder/spielerfotos/s_95424_148_2012_1.jpg
Kyriakos Papadopoulos, http://akacdn.transfermarkt.de/images/portrait/medium/58489-1437468686.jpg
Lars Bender, http://akacdn.transfermarkt.de/images/portrait/medium/30059-1437468206.jpg
Lars Stindl, http://akacdn.transfermarkt.de/images/portrait/medium/48298-1437475394.jpg
Laurent Koscielny, http://akacdn.transfermarkt.de/bilder/spielerfotos/s_76277_11_2012_2.jpg
Leandro Castán, http://akacdn.transfermarkt.de/images/portrait/medium/54929-1448466044.jpg
Leighton Baines, http://akacdn.transfermarkt.de/bilder/spielerfotos/s_13507_29_2009_1.jpg
Leon Goretzka, http://akacdn.transfermarkt.de/images/portrait/medium/153084-1438007480.jpg
Leonardo Bonucci, http://akacdn.transfermarkt.de/images/portrait/medium/39983-1448464012.jpg
Leroy Sané, http://akacdn.transfermarkt.de/images/portrait/medium/192565-1447249193.jpg
Lionel Messi, http://akacdn.transfermarkt.de/images/portrait/medium/28003-1448893702.jpg
Lorenzo Insigne, http://akacdn.transfermarkt.de/bilder/spielerfotos/s_133964_6195_2013_09_06_1.jpg
Lucas Biglia, http://akacdn.transfermarkt.de/images/portrait/medium/26721-1448467606.jpg
Lucas Digne, http://akacdn.transfermarkt.de/bilder/spielerfotos/s_126664_583_2013_10_24_1.jpg
Luciano Vietto, http://akacdn.transfermarkt.de/images/portrait/medium/214316-1447152976.jpg
Luis Muriel, http://akacdn.transfermarkt.de/images/portrait/medium/119228-1448965742.jpg
Luis Suárez, http://akacdn.transfermarkt.de/bilder/spielerfotos/s_44352_31_2013_01_16_1.jpg
Luiz Adriano, http://akacdn.transfermarkt.de/images/portrait/medium/48974-1448983155.jpg
Luiz Gustavo, http://akacdn.transfermarkt.de/images/portrait/medium/10471-1438072809.jpg
Luka Modric, http://akacdn.transfermarkt.de/images/portrait/medium/27992-1413206775.jpg
Lukasz Piszczek, http://akacdn.transfermarkt.de/images/portrait/medium/25727-1437469645.jpg
Luke Shaw, http://akacdn.transfermarkt.de/bilder/spielerfotos/s_183288_180_2013_02_11_1.jpg
Mamadou Sakho, http://akacdn.transfermarkt.de/bilder/spielerfotos/s_47713_31_2013_09_26_1.jpg
Manolo Gabbiadini, http://akacdn.transfermarkt.de/images/portrait/medium/112343-1448530036.jpg
Manuel Neuer, http://akacdn.transfermarkt.de/images/portrait/medium/17259-1437471096.jpg
Marc Bartra, http://akacdn.transfermarkt.de/bilder/spielerfotos/s_99922_131_2013_06_07_1.jpg
Marc-André ter Stegen, http://akacdn.transfermarkt.de/bilder/spielerfotos/s_74857_18_2013_07_10_1.jpg
Marcel Schmelzer, http://akacdn.transfermarkt.de/images/portrait/medium/35208-1437469335.jpg
Marcelo, http://akacdn.transfermarkt.de/images/portrait/medium/44501-1413206117.jpg
Marcelo Brozovic, http://akacdn.transfermarkt.de/images/portrait/medium/156617-1416904660.jpg
Marco Parolo, http://akacdn.transfermarkt.de/images/portrait/medium/84545-1448467664.jpg
Marco Reus, http://akacdn.transfermarkt.de/images/portrait/medium/35207-1437470251.jpg
Marcos Rojo, http://akacdn.transfermarkt.de/images/portrait/medium/93176-1407486895.jpg
Marek Hamsik, http://akacdn.transfermarkt.de/images/portrait/medium/38593-1408608919.jpg
Mario Balotelli, http://akacdn.transfermarkt.de/images/portrait/medium/45146-1416323511.jpg
Mario Gaspar, http://akacdn.transfermarkt.de/images/portrait/medium/73250-1447255212.jpg
Mario Götze, http://akacdn.transfermarkt.de/images/portrait/medium/74842-1437472856.jpg
Mario Mandzukic, http://akacdn.transfermarkt.de/images/portrait/medium/34572-1448465837.jpg
Mario Suárez, http://akacdn.transfermarkt.de/images/portrait/medium/37337-1448527270.jpg
Markel Susaeta, http://akacdn.transfermarkt.de/images/portrait/medium/54245-1447151725.jpg
Marouane Fellaini, http://akacdn.transfermarkt.de/bilder/spielerfotos/s_39679_29_2013_08_09_1.jpg
Martín Cáceres, http://akacdn.transfermarkt.de/bilder/spielerfotos/s_54935_506_2013_06_24_1.jpg
Martin Skrtel, http://akacdn.transfermarkt.de/bilder/spielerfotos/s_24180_31_2012_1.jpg
Mateo Kovacic, http://akacdn.transfermarkt.de/images/portrait/medium/51471-1410339990.jpg
Mateo Musacchio, http://akacdn.transfermarkt.de/images/portrait/medium/45653-1447255322.jpg
Mathieu Debuchy, http://akacdn.transfermarkt.de/bilder/spielerfotos/s_27306_762_2013_02_13_1.jpg
Mati Fernández, http://akacdn.transfermarkt.de/images/portrait/medium/37918-1448527391.jpg
Matija Nastasic, http://akacdn.transfermarkt.de/images/portrait/medium/143559-1438006811.jpg
Mats Hummels, http://akacdn.transfermarkt.de/images/portrait/medium/39728-1437468959.jpg
Matteo Darmian, http://akacdn.transfermarkt.de/images/portrait/medium/54906-1419246645.jpg
Matthias Ginter, http://akacdn.transfermarkt.de/images/portrait/medium/124502-1437469289.jpg
Mattia Destro, http://akacdn.transfermarkt.de/bilder/spielerfotos/s_88683_12_2013_09_09_1.jpg
Mattia Perin, http://akacdn.transfermarkt.de/images/portrait/medium/110923-1448530967.jpg
Mauro Icardi, http://akacdn.transfermarkt.de/images/portrait/medium/68863-1410955120.jpg
Max Kruse, http://akacdn.transfermarkt.de/images/portrait/medium/36182-1437575274.jpg
Max Meyer, http://akacdn.transfermarkt.de/images/portrait/medium/146164-1438007823.jpg
Maximilian Arnold, http://akacdn.transfermarkt.de/images/portrait/medium/117674-1407142400.jpg
Medhi Benatia, http://akacdn.transfermarkt.de/images/portrait/medium/45124-1437471177.jpg
Memphis Depay, http://akacdn.transfermarkt.de/bilder/spielerfotos/s_167850_383_2012_2.jpg
Mesut Özil, http://akacdn.transfermarkt.de/bilder/spielerfotos/s_35664_11_2013_09_05_1.jpg
Miralem Pjanic, http://akacdn.transfermarkt.de/images/portrait/medium/44162-1448466304.jpg
Miranda, http://akacdn.transfermarkt.de/images/portrait/medium/33357-1448967043.jpg
Mohamed Salah, http://akacdn.transfermarkt.de/images/portrait/medium/148455-1417606422.jpg
Morgan Schneiderlin, http://akacdn.transfermarkt.de/images/portrait/medium/56818-1404672645.jpg
Moussa Dembélé, http://akacdn.transfermarkt.de/bilder/spielerfotos/s_19368_931_2012_2.jpg
Moussa Sissoko, http://akacdn.transfermarkt.de/bilder/spielerfotos/s_46001_762_2013_05_07_1.jpg
Munir El Haddadi, http://akacdn.transfermarkt.de/images/portrait/medium/223725-1408953636.jpg
Nacer Chadli, http://akacdn.transfermarkt.de/bilder/spielerfotos/s_59631_317_2012_2.jpg
Nathaniel Clyne, http://akacdn.transfermarkt.de/bilder/spielerfotos/s_85177_180_2013_06_07_1.jpg
Nemanja Matic, http://akacdn.transfermarkt.de/bilder/spielerfotos/s_74683_294_2013_04_04_1.jpg
Neto, http://akacdn.transfermarkt.de/images/portrait/medium/111819-1448463847.jpg
Neven Subotic, http://akacdn.transfermarkt.de/images/portrait/medium/40995-1437469257.jpg
Neymar, http://akacdn.transfermarkt.de/images/portrait/medium/68290-1444921132.jpg
Nicola Sansone, http://akacdn.transfermarkt.de/images/portrait/medium/82048-1449059953.jpg
Nicolás Otamendi, http://akacdn.transfermarkt.de/images/portrait/medium/54781-1447246780.jpg
Niklas Süle, http://akacdn.transfermarkt.de/images/portrait/medium/166601-1438068805.jpg
Nikola Kalinic, http://akacdn.transfermarkt.de/images/portrait/medium/36371-1448527906.jpg
Nolito, http://akacdn.transfermarkt.de/images/portrait/medium/70934-1447160016.jpg
Nuri Sahin, http://akacdn.transfermarkt.de/images/portrait/medium/31095-1437470232.jpg
Óliver Torres, http://akacdn.transfermarkt.de/images/portrait/medium/214775-1447152972.jpg
Olivier Giroud, http://akacdn.transfermarkt.de/bilder/spielerfotos/s_82442_11_2012_2.jpg
Ömer Toprak, http://akacdn.transfermarkt.de/images/portrait/medium/43512-1437468008.jpg
Oscar, http://akacdn.transfermarkt.de/bilder/spielerfotos/s_85314_631_2012_1.jpg
Óscar de Marcos, http://akacdn.transfermarkt.de/images/portrait/medium/96718-1447151432.jpg
Pablo Piatti, http://akacdn.transfermarkt.de/images/portrait/medium/56067-1447247506.jpg
Pablo Zabaleta, http://akacdn.transfermarkt.de/bilder/spielerfotos/s_20007_281_2013_10_01_1.jpg
Paco Alcácer, http://akacdn.transfermarkt.de/images/portrait/medium/126716-1447246860.jpg
Patrick Herrmann, http://akacdn.transfermarkt.de/images/portrait/medium/32711-1437475434.jpg
Paul Pogba, http://akacdn.transfermarkt.de/images/portrait/medium/122153-1416219409.jpg
Paulo Dybala, http://akacdn.transfermarkt.de/images/portrait/medium/206050-1448465735.jpg
Pedro, http://akacdn.transfermarkt.de/bilder/spielerfotos/s_65278_3375_2012_1.jpg
Pepe, http://akacdn.transfermarkt.de/images/portrait/medium/14132-1413206357.jpg
Per Mertesacker, http://akacdn.transfermarkt.de/bilder/spielerfotos/s_6710_11_2012_3.jpg
Phil Jones, http://akacdn.transfermarkt.de/bilder/spielerfotos/s_117996_985_2012_1.jpg
Philipp Lahm, http://akacdn.transfermarkt.de/images/portrait/medium/2219-1438251845.jpg
Pierre-Emerick Aubameyang, http://akacdn.transfermarkt.de/images/portrait/medium/58864-1437470614.jpg
Pierre-Emile Höjbjerg, http://akacdn.transfermarkt.de/images/portrait/medium/167799-1437472639.jpg
Radja Nainggolan, http://akacdn.transfermarkt.de/images/portrait/medium/41982-1448466392.jpg
Raffael, http://akacdn.transfermarkt.de/images/portrait/medium/19819-1437475896.jpg
Rafinha, http://akacdn.transfermarkt.de/images/portrait/medium/33947-1437472032.jpg
Rafinha, http://akacdn.transfermarkt.de/bilder/spielerfotos/s_129473_940_2012_1.jpg
Raheem Sterling, http://akacdn.transfermarkt.de/images/portrait/medium/134425-1444713982.jpg
Ramires, http://akacdn.transfermarkt.de/bilder/spielerfotos/s_54170_631_2012_1.jpg
Raphaël Varane, http://akacdn.transfermarkt.de/images/portrait/medium/164770-1413206196.jpg
Raúl Albiol, http://akacdn.transfermarkt.de/images/portrait/medium/15452-1418292073.jpg
Raúl García, http://akacdn.transfermarkt.de/images/portrait/medium/34601-1447151654.jpg
Ricardo Rodríguez, http://akacdn.transfermarkt.de/images/portrait/medium/86784-1438072589.jpg
Riccardo Saponara, http://akacdn.transfermarkt.de/images/portrait/medium/88909-1449071240.jpg
Robert Lewandowski, http://akacdn.transfermarkt.de/images/portrait/medium/38253-1438251854.jpg
Roberto Firmino, http://akacdn.transfermarkt.de/images/portrait/medium/131789-1406795042.jpg
Roberto Pereyra, http://akacdn.transfermarkt.de/images/portrait/medium/112302-1448465292.jpg
Roberto Soldado, http://akacdn.transfermarkt.de/images/portrait/medium/34870-1447255459.jpg
Roberto Soriano, http://akacdn.transfermarkt.de/images/portrait/medium/63186-1448965061.jpg
Robin Knoche, http://akacdn.transfermarkt.de/images/portrait/medium/94201-1438072414.jpg
Rodrigo, http://akacdn.transfermarkt.de/images/portrait/medium/131505-1447247512.jpg
Roman Bürki, http://akacdn.transfermarkt.de/images/portrait/medium/59027-1437468951.jpg
Roman Neustädter, http://akacdn.transfermarkt.de/images/portrait/medium/40478-1438007390.jpg
Romelu Lukaku, http://akacdn.transfermarkt.de/images/portrait/medium/96341-1401194535.jpg
Ron-Robert Zieler, http://akacdn.transfermarkt.de/images/portrait/medium/21327-1437557770.jpg
Ross Barkley, http://akacdn.transfermarkt.de/bilder/spielerfotos/s_131978_29_2012_1.jpg
Sadio Mané, http://akacdn.transfermarkt.de/images/portrait/medium/200512-1421241383.jpg
Saido Berahino, http://akacdn.transfermarkt.de/bilder/spielerfotos/s_128897_29990_2013_09_04_1.jpg
Sami Khedira, http://akacdn.transfermarkt.de/images/portrait/medium/29401-1448464789.jpg
Samir Handanovic, http://akacdn.transfermarkt.de/images/portrait/medium/28021-1410955099.jpg
Samir Nasri, http://akacdn.transfermarkt.de/bilder/spielerfotos/s_18935_281_2013_10_01_1.jpg
Samu Castillejo, http://akacdn.transfermarkt.de/images/portrait/medium/195171-1447255103.jpg
Samuel, http://akacdn.transfermarkt.de/images/portrait/medium/208890-1447255453.jpg
Santi Cazorla, http://akacdn.transfermarkt.de/bilder/spielerfotos/s_15799_11_2012_2.jpg
Santi Mina, http://akacdn.transfermarkt.de/images/portrait/medium/255653-1447247169.jpg
Saúl Níguez, http://akacdn.transfermarkt.de/images/portrait/medium/148928-1447152836.jpg
Sead Kolasinac, http://akacdn.transfermarkt.de/images/portrait/medium/94005-1438007013.jpg
Seamus Coleman, http://akacdn.transfermarkt.de/bilder/spielerfotos/s_68390_29_2012_1.jpg
Sebastian Rode, http://akacdn.transfermarkt.de/images/portrait/medium/44466-1437471974.jpg
Senad Lulic, http://akacdn.transfermarkt.de/bilder/spielerfotos/s_61449_398_2013_09_12_1.jpg
Sergi Roberto, http://akacdn.transfermarkt.de/bilder/spielerfotos/s_85370_2464_2013_02_19_1.jpg
Sergio Agüero, http://akacdn.transfermarkt.de/bilder/spielerfotos/s_26399_281_2014_01_16_1.jpg
Sergio Busquets, http://akacdn.transfermarkt.de/bilder/spielerfotos/s_65230_131_2012_2.jpg
Sergio Ramos, http://akacdn.transfermarkt.de/images/portrait/medium/25557-1413190249.jpg
Sergio Rico, http://akacdn.transfermarkt.de/images/portrait/medium/207302-1447240436.jpg
Shinji Kagawa, http://akacdn.transfermarkt.de/images/portrait/medium/81785-1437470236.jpg
Shkodran Mustafi, http://akacdn.transfermarkt.de/images/portrait/medium/88590-1447247176.jpg
Simone Zaza, http://akacdn.transfermarkt.de/bilder/spielerfotos/s_96828_6574_2013_09_23_1.jpg
Sofiane Feghouli, http://akacdn.transfermarkt.de/images/portrait/medium/57162-1447247056.jpg
Sokratis, http://akacdn.transfermarkt.de/images/portrait/medium/34322-1437469053.jpg
Stefan de Vrij, http://akacdn.transfermarkt.de/images/portrait/medium/111196-1448467125.jpg
Stefan Kießling, http://akacdn.transfermarkt.de/images/portrait/medium/6237-1437467709.jpg
Stefan Radu, http://akacdn.transfermarkt.de/images/portrait/medium/44420-1448467183.jpg
Stefan Savic, http://akacdn.transfermarkt.de/images/portrait/medium/107010-1447152848.jpg
Stefano Sturaro, http://akacdn.transfermarkt.de/images/portrait/medium/167859-1448464913.jpg
Stephan Lichtsteiner, http://akacdn.transfermarkt.de/images/portrait/medium/2865-1410245791.jpg
Stevan Jovetic, http://akacdn.transfermarkt.de/images/portrait/medium/46104-1448967812.jpg
Steven N'Zonzi, http://akacdn.transfermarkt.de/images/portrait/medium/73734-1447240284.jpg
Sven Bender, http://akacdn.transfermarkt.de/images/portrait/medium/29993-1437469678.jpg
Theo Walcott, http://akacdn.transfermarkt.de/bilder/spielerfotos/s_33713_11_2012_2.jpg
Thiago, http://akacdn.transfermarkt.de/images/portrait/medium/60444-1437472639.jpg
Thibaut Courtois, http://akacdn.transfermarkt.de/bilder/spielerfotos/s_108390_3382_2012_3.jpg
Thomas Müller, http://akacdn.transfermarkt.de/images/portrait/medium/58358-1437473237.jpg
Thorgan Hazard, http://akacdn.transfermarkt.de/images/portrait/medium/102226-1437474952.jpg
Timo Horn, http://akacdn.transfermarkt.de/images/portrait/medium/84938-1437390953.jpg
Timo Werner, http://akacdn.transfermarkt.de/images/portrait/medium/170527-1438154317.jpg
Tin Jedvaj, http://akacdn.transfermarkt.de/images/portrait/medium/206386-1437466729.jpg
Toby Alderweireld, http://akacdn.transfermarkt.de/bilder/spielerfotos/s_42710_610_2012_2.jpg
Toni Kroos, http://akacdn.transfermarkt.de/images/portrait/medium/31909-1413206824.jpg
Tony Jantschke, http://akacdn.transfermarkt.de/images/portrait/medium/47587-1437474328.jpg
Vicente Iborra, http://akacdn.transfermarkt.de/images/portrait/medium/65467-1447240009.jpg
Victor Wanyama, http://akacdn.transfermarkt.de/bilder/spielerfotos/s_77760_371_2012_1.jpg
Vieirinha, http://akacdn.transfermarkt.de/images/portrait/medium/35247-1438072681.jpg
Vincent Kompany, http://akacdn.transfermarkt.de/bilder/spielerfotos/s_9594_281_2013_10_18_1.jpg
Vitolo, http://akacdn.transfermarkt.de/images/portrait/medium/67082-1447240446.jpg
Wayne Rooney, http://akacdn.transfermarkt.de/images/portrait/medium/3332-1406462596.jpg
Wendell, http://akacdn.transfermarkt.de/images/portrait/medium/228433-1437466802.jpg
Wilfried Bony, http://akacdn.transfermarkt.de/bilder/spielerfotos/s_81808_499_2012_2.jpg
Willian, http://akacdn.transfermarkt.de/bilder/spielerfotos/s_52769_631_2014_02_10_1.jpg
Wojciech Szczesny, http://akacdn.transfermarkt.de/bilder/spielerfotos/s_44058_11_2012_2.jpg
Xherdan Shaqiri, http://akacdn.transfermarkt.de/images/portrait/medium/86792-1408095076.jpg
Yann Sommer, http://akacdn.transfermarkt.de/images/portrait/medium/42205-1437474213.jpg
Yannick Ferreira Carrasco, http://akacdn.transfermarkt.de/images/portrait/medium/140776-1447152507.jpg
Yaya Touré, http://akacdn.transfermarkt.de/bilder/spielerfotos/s_13091_281_2012_1.jpg
Yohan Cabaye, http://akacdn.transfermarkt.de/bilder/spielerfotos/s_29434_762_2012_1.jpg
Yunus Malli, http://akacdn.transfermarkt.de/images/portrait/medium/85352-1437397290.jpg
Yuto Nagatomo, http://akacdn.transfermarkt.de/images/portrait/medium/79522-1410340265.jpg
Zlatko Junuzovic, http://akacdn.transfermarkt.de/images/portrait/medium/31007-1438067551.jpg